question_id,doc_id,언어,질문,정답,근거 그림,쪽,메모,검수
F01,en_01,en,이 논문 Figure 6에서 WZBP-2를 40 μg/mL 처리했을 때 SOD2의 상대 발현량은 대조군(약 1.0) 대비 대략 얼마인가?,약 0.7,en_01_fig10_p20.png,20,B 패널 SOD2 막대,사용자 확정 2026-09-27 (F11 85→90 수정)
F02,en_02,en,체중 부하 분포를 나타낸 그림에서 MIA 대조군의 값이 가장 낮게 떨어진 시점은 유발 후 며칠째이며 그때 값은 대략 얼마인가?,"3일째, 약 25%",en_02_fig04_p6.png,6,선 그래프 최저점,사용자 확정 2026-09-27 (F11 85→90 수정)
F03,en_02,en,혈청 사이토카인 그림에서 MIA군의 IL-6 농도는 대략 얼마인가?,약 130 pg/mL,en_02_fig06_p8.png,8,C 그래프 MIA 막대,사용자 확정 2026-09-27 (F11 85→90 수정)
F04,en_03,en,Figure 6의 유전자 발현(24시간) 결과에서 감소 폭이 가장 큰 TLR은 무엇이며 몇 퍼센트 감소했는가?,"TLR2, 52% 감소",en_03_fig08_p10.png,10,A 패널 라벨 -52%,사용자 확정 2026-09-27 (F11 85→90 수정)
F05,ko_01,ko,총 폴리페놀 함량 그림에서 초피(Z. piperitum)가 최고값을 보인 에탄올 농도와 그때 함량은 대략 얼마인가?,"40% 에탄올, 약 175 mg GAE/g",ko_01_fig01_p3.png,3,흰 막대 최고점,사용자 확정 2026-09-27 (F11 85→90 수정)
F06,ko_01,ko,"AGEs 형성 억제 그림에서 산초(EZS) 추출물 200 μg/mL의 억제율은 대조약 아미노구아니딘보다 높은가 낮은가, 그 값은 대략 얼마인가?","높다, 약 92% (아미노구아니딘 약 87%)",ko_01_fig07_p5.png,5,막대 비교,사용자 확정 2026-09-27 (F11 85→90 수정)
F07,ko_02,ko,세포 생존율 그림(A)에서 생존율이 50% 아래로 처음 내려가는 처리 농도는 얼마인가?,800 μg/mL (약 47%),ko_02_fig01_p4.png,4,막대 순서로 읽음,사용자 확정 2026-09-27 (F11 85→90 수정)
F08,ko_02,ko,염증 사이토카인 그림에서 H2O2 대조군(C)의 TNF-α 생산량은 대략 얼마인가?,약 210 pg/mL,ko_02_fig03_p5.png,5,상단 그래프 C군 막대,사용자 확정 2026-09-27 (F11 85→90 수정)
F09,kohanja_01,ko,프로테오글리칸 함량 그림에서 대조군(Control)의 값은 Sham군(약 100%) 대비 대략 얼마인가?,약 66%,kohanja_01_fig10_p4.png,4,막대 높이,사용자 확정 2026-09-27 (F11 85→90 수정)
F10,kohanja_01,ko,"활액 IL-1β 그림에서 대조군(Control)과 Sham군 중 어느 쪽이 높으며, Sham군 값은 대략 얼마인가?","Control이 더 높음, Sham 약 125 pg/ml",kohanja_01_fig12_p5.png,5,막대 높이 비교,사용자 확정 2026-09-27 (F11 85→90 수정)
F11,kohanja_02,ko,"혈청 IL-1β 그림에서 SYT 400 mg/kg 투여군의 값은 대략 얼마이며, 관절염 대조군 대비 어느 정도인가?",약 90 pg/ml (관절염 대조군 약 140 pg/ml),kohanja_02_fig05_p5.png,5,막대 높이. 사용자 확정값,사용자 확정 2026-09-27 (F11 85→90 수정)
F12,zh_03,zh,연도별 발표량 그림에서 2012년과 2020년의 발표 편수는 각각 몇 편인가?,"2012년 14편, 2020년 16편",zh_03_fig03_p3.png,3,본문은 2009년 최고치 21편만 언급하므로 다른 해는 그림에서만 읽을 수 있다,사용자 확정 2026-09-27 (F11 85→90 수정)
