question_id,doc_id,유형,질문,정답,검수
q01,en_02,methods,"MIA 유도 골관절염 랫 모델에서 MIA를 몇 mg, 어떤 경로로 주사했나?",3 mg MIA,verified
q02,en_02,methods,시험물질 경구 투여는 골관절염 유도 전후로 각각 며칠씩 진행했나?,7 days before OA induction,verified
q03,en_02,methods,체중부하 분포는 유도 후 어느 시점들에 측정했나?,"0, 3, 7, 14, and 21 days post-OA induction",verified
q04,en_02,table,FlexPro MD 조성에서 남극 크릴 오일은 몇 mg인가?,321,verified
q05,en_02,reference,이 논문이 인용한 Felson의 무릎 골관절염 임상 리뷰는 어느 학술지 몇 년도인가?,N. Engl. J. Med. 2006,verified
q08,en_03,table,두 소재에 공통으로 조절된 ADAMTS 계열 유전자는?,"ADAMTS1, ADAMTS5",verified
q09,en_03,methods,IL-6와 CCL2는 어떤 방법으로 정량했나?,ELISA,verified
q14,en_01,body,정제된 두 다당류의 평균 분자량은 각각 얼마인가?,10.89 and 18 kDa,verified
q15,en_01,reference,이 논문이 인용한 Okagu의 Zanthoxylum 속 종합 리뷰는 어느 학술지인가?,Molecules. 2021;26:4023,verified
q16,ko_01,methods,초피와 산초 추출에 사용한 에탄올 농도 조건은?,"0, 20, 40, 60, 80 및 95% 에탄올",verified
q18,ko_01,table,초피 40% 에탄올 추출물의 peak 1은 어떤 화합물로 동정되었나?,3-Caffeoylquinic acid,verified
q20,ko_02,methods,연골세포 실험에서 산화 스트레스를 유도한 시약과 농도는?,200 µM H2O2,verified
q24,ko_03,body,산초 추출물에서 항균활성을 나타내는 주성분으로 동정된 물질은?,estragole,verified
m01,ja_01,methods,ブドウサンショウの各組織からの熱水抽出は何度で何分間行ったか？,99°C で10 分間,verified
m03,ja_01,body,PANs 処理により発現が上昇した細胞内抗酸化因子は何か？,Mn-SOD,verified
m04,ja_01,reference,引用文献のうち Pycnogenol が HIV-1 の細胞内複製を阻害すると報告した論文は何年のどの雑誌か？,Jpn. J. Infect. Dis. 61: 279–285,verified
m05,kohanja_01,methods,실험동물로 사용한 흰쥐의 계통과 체중 범위는?,체중 250 ~ 300 g 내외의 수컷 Sprague-Dawley계 흰쥐,verified
m06,kohanja_01,methods,관절연골의 proteoglycan 변성을 확인하기 위해 사용한 염색법은?,Safranin O 염색 및 Hematoxylin 대조염색,verified
m07,kohanja_01,methods,활액 내 TNF-α 및 IL-1β 함량 측정 시 흡광도를 몇 nm에서 읽었나?,450 nm에서 흡광도를 측정,verified
m08,kohanja_01,body,ASA 복합 추출물을 구성하는 세 가지 약재는 무엇인가?,"牛膝, 黃芩, 五加皮",verified
m10,kohanja_02,table,실험군에 투여한 SYT의 용량과 투여 기간은?,SYT 400 mg/kg,verified
m11,kohanja_02,table,양성대조군에 사용한 약물과 그 용량은?,"조인스정(Joins®, 100 mg/kg)",verified
m12,kohanja_02,methods,골관절염을 유발한 생쥐 계통은 무엇인가?,C57BL/10 생쥐,verified
m13,zh_01,body,四川花椒的主要病害有多少种？,花椒的主要病害有9种,verified
m14,zh_01,methods,本研究采用了哪两种调查方法？,踏查和专项调查方法,verified
m15,zh_01,methods,调查覆盖了四川的几个花椒主要栽培区县？,四川5个花椒主要栽培区县,verified
m16,zh_01,body,汉源县主要栽培的花椒品种是什么？,主要栽培品种为清溪椒,verified
m17,zh_02,methods,实验将多少只SD大鼠分组？,将60 只SD 大鼠分为正常组,verified
m18,zh_02,methods,ZBAE低、中、高剂量组的给药剂量分别是多少？,90、180、360 mg·kg-1,verified
m19,zh_02,methods,体外实验中ZBAE低、中、高质量浓度分别设为多少？,0.08、0.10、0.12 g·L-1,verified
m20,zh_02,body,Western blot显示ZBAE高剂量组明显降低了哪些蛋白的表达？,p-PI3K、p-Akt、CDK2 和Cyclin A,verified
m22,zh_03,methods,使用的CiteSpace软件版本是什么？,"CiteSpace 
5.8. R3",verified
m24,zh_03,body,突现强度最高的三个关键词是什么？,“气相质谱”“定量方法”“竹叶花椒”,verified
q06,en_03,body,강황과 보스웰리아는 연골세포에서 어떤 경로로 작용이 갈리나?,"We demonstrated that C. longa and B. serrata had different time-course effects on OA chondrocyte genes and acted on different but complementary pathways to induce anti-oxidative, detoxifying, anti-inflammatory, and anti-catabolism activities.",corrected
q07,en_03,table,C. longa 단독으로 조절된 케모카인 유전자는 무엇인가?,"CCL3, CCL4, CCL20, CXCL1, CXCL2, CXCL5, CXCL6, CXCL8, CXCL10, CX3CL1",corrected
q11,en_01,methods,MN9D 세포에 다당류를 처리한 농도 범위와 처리 시간은?,"The cells (1 × 10⁵ cells/mL, 200 µL) were inoculated into 96-well plates and then treated with the polysaccharide solutions (0, 5, 10, 20, 40, 80, 160 µg/mL) in DMEM medium for 3, 6, 9 h, respectively.",corrected
q12,en_01,methods,세포 생존율은 어떤 시약으로 몇 nm에서 측정했나?,"Total of 10 µL CCK-8 solution was added, and cell viability was detected by microplate reader at 450 nm",corrected
q13,en_01,body,Z. bungeanum 다당류가 신경보호 효과를 낸다고 본 신호경로는?,"Mechanism study showed that WZBP-1-2 and WZBP-2 markedly increased the expression levels of SIRT1 and Nrf2, and inhibited the protein or mRNA levels of NF-κB, TNF-α and IL-6.",corrected
q19,ko_01,methods,뇌신경세포 실험에 사용한 세포주와 고당 처리 농도는?,MC-IXC,corrected
q21,ko_02,table,Aggrecan의 정방향 프라이머 염기서열은?,5′-GAA GTG TCC AAA CCA A-3′,corrected
q23,ko_03,methods,산초 추출물의 Vibrio parahaemolyticus 항균활성을 어떤 균 농도에서 시험했나?,"시험용액 S1C와 S1D는 2.45×10⁹ CFU/mL까지 Vibrio parahaemolyticus 증식억제로 인한 생육저해환이 선명하게 관찰되었으며, 특히 시험용액 S2C와 S2D는 2.45×10¹¹ CFU/mL의 균수까지도 뚜렷한 생육저해환을 형성",corrected
m02,ja_01,methods,エタノール抽出に用いたエタノール濃度と浸透時間は？,抽出液の 作製は，各組織10 g に40 mL の水を加え，99°C で10 分間 加熱抽出，あるいは40 mL の30％エタノールを加え，室温 で16 時間浸透抽出した．,corrected
m09,kohanja_02,methods,四逆湯 시료 추출에 사용한 에탄올 농도와 추출 온도·시간은?,80% 에탄올500 ml을가한후환류추출장 치를이용하여60℃에서1시간동안추출,corrected
m21,zh_03,methods,文献检索的数据源和时间范围是什么？,国知网(CNKI)为数据源，检索1982年1月至2022年6月收录的花椒挥发油相关研究文献,corrected
m23,zh_03,body,共获得多少篇文献，得到几大研究团队？,结果：共获得238篇文献，通过计量分 析得到了5大研究团队，“气相质谱”“定量方法”“竹叶花椒”是突现强度最高的关键词。,corrected
