doc_id,제목,언어,쪽수,조판,PDF 종류,DOI,sha256
en_01,Two polysaccharides in Zanthoxylum bungeanum Maxim with protective effects against Parkinson's disease,en,21,single_column,born_digital,10.21203/rs.3.rs-3123723/v1,1b9d8d98430f734a
en_02,"FlexPro MD®, a Combination of Krill Oil, Astaxanthin and Hyaluronic Acid, Reduces Pain Behavior and Inhibits Inflammatory Response in Monosodium Iodoacetate-Induced Osteoarthritis in Rats",en,15,single_column,born_digital,10.3390/nu12040956,0a1c01b680bc400d
en_03,Curcuma longa and Boswellia serrata Extracts Modulate Different and Complementary Pathways on Human Chondrocytes In Vitro: Deciphering of a Transcriptomic Study,en,14,two_column,born_digital,10.3389/fphar.2022.931914,7d326908aa114da5
ja_01,ブドウサンショウ抽出物の抗SARS-CoV活性,ja,6,two_column,born_digital,10.2503/hrj.10.267,fe8bf1fe848f51b8
ko_01,국내산 초피와 산초의 산업적 활용 가능성: 고당으로 유도된 뇌신경세포 독성에 대한 추출물의 보호 효과,ko,10,two_column,born_digital,10.9721/kjfst.2020.52.3.274,cf8cd4e885feb616
ko_02,H2O2 및 LPS로 자극한 Primary Chondrocyte에서 오미자 추출물의 항관절염 효과,ko,10,two_column,born_digital,10.3746/jkfn.2022.51.11.1148,6004b76bdd79448f
ko_03,Vibrio parahaemolyticus에 대한 산초 추출물의 항균활성,ko,5,two_column,scan,10.3746/jkfn.2004.33.3.500,b214b512803da3ab
kohanja_01,牛膝 등 복합 추출물의 monosodium iodoacetate로 유발한 흰쥐 골관절염에 대한 효과,ko,7,two_column,born_digital,10.6116/kjh.2017.32.1.83,56abac962abe339b
kohanja_02,Papain으로 유도된 골관절염 생쥐 모델에서 四逆湯의 항골관절염 효능에 관한 연구,ko,13,two_column,born_digital,,9f59be4ad8bd6b65
zh_01,四川花椒主要栽培区病害调查研究,zh,9,single_column,born_digital,10.12677/wjf.2020.91004,b8a6cb4ecf2eef16
zh_02,花椒水提物通过抑制滑膜细胞增殖及诱导细胞凋亡治疗类风湿性关节炎,zh,9,two_column,born_digital,10.13422/j.cnki.syfjx.20231136,a11dffa2d08d82aa
zh_03,基于CiteSpace的花椒挥发油国内研究现状可视化分析,zh,9,single_column,born_digital,10.12677/hjfns.2022.113028,887d113d1dda0a17
